averageEnc,averageDec
0.00035114288330078124,0.00521848201751709
